Model,Steel family,r2_score,Mean Absolute Error
common layer,CMn,0.666689567967289,0.1451878045394243
common layer,IF,0.6163104290607746,0.21261374851644022
common layer,HSLA,0.7850923563117714,0.09635270031377992
common_no_model_output,CMn,0.5632639235130181,0.1659409553171111
common_no_model_output,IF,0.4867763306032208,0.24518250084859775
common_no_model_output,HSLA,0.7333254146772591,0.10727192108615645
